"Source","Action","Path"
"ADV_CHEM","copied_new","oracle\compatibility_gray_coherence.py"
"ADV_CHEM","copied_new","_check_mof_cache.py"
"ADV_CHEM","copied_new","_cleanup_ground_truth.py"
"ADV_CHEM","copied_new","_extract_mof_linkers.py"
"ADV_CHEM","copied_new","_find_22atom_linkers.py"
"ADV_CHEM","copied_new","_gen.py"
"ADV_CHEM","copied_new","_rebuild_mof_cache.py"
"ADV_CHEM","copied_new","_test_db.py"
"ADV_CHEM","copied_new","_test_full_pipeline.py"
"ADV_CHEM","copied_new","_test_gen.py"
"ADV_CHEM","copied_new","_test_search_engine.py"
"ADV_CHEM","copied_new","_ui_backend_test.py"
"ADV_CHEM","copied_new","Verdict.txt"
